"taxonomy_id","name.y"
11,"Cellulomonas gilvus"
128,"Isosphaera pallida"
280,"Xanthobacter autotrophicus"
359,"Rhizobium rhizogenes"
396,"Rhizobium phaseoli"
471,"Acinetobacter calcoaceticus"
500,"Thermomicrobium roseum"
894,"Desulfobulbus propionicus"
1042,"Erythrobacter sp."
1231,"Nitrosospira multiformis"
1270,"Micrococcus luteus"
1273,"Micrococcus lylae"
1274,"Dermacoccus nishinomiyaensis"
1276,"Kytococcus sedentarius"
1393,"Brevibacillus brevis"
1396,"Bacillus cereus"
1405,"Bacillus mycoides"
1478,"Peribacillus simplex"
1659,"Actinomyces israelii"
1661,"Trueperella pyogenes"
1670,"Arthrobacter citreus"
1671,"Pseudarthrobacter oxydans"
1744,"Propionibacterium freudenreichii"
1747,"Cutibacterium acnes"
1748,"Acidipropionibacterium acidipropionici"
1749,"Acidipropionibacterium jensenii"
1764,"Mycobacterium avium"
1766,"Mycolicibacterium fortuitum"
1767,"Mycobacterium intracellulare"
1768,"Mycobacterium kansasii"
1771,"Mycolicibacterium phlei"
1772,"Mycolicibacterium smegmatis"
1773,"Mycobacterium tuberculosis"
1774,"Mycobacteroides chelonae"
1775,"Mycobacterium cookii"
1778,"Mycobacterium gordonae"
1780,"Mycobacterium malmoense"
1784,"Mycobacterium simiae"
1788,"Mycolicibacter terrae"
1789,"Mycobacterium xenopi"
1791,"Mycolicibacterium aurum"
1792,"Mycolicibacterium chitae"
1793,"Mycolicibacterium fallax"
1794,"Mycolicibacterium gadium"
1795,"Mycolicibacterium neoaurum"
1797,"Mycolicibacterium thermoresistibile"
1799,"Mycolicibacterium aichiense"
1800,"Mycolicibacterium chubuense"
1801,"Mycolicibacterium diernhoferi"
1804,"Mycolicibacterium gilvum"
1810,"Mycolicibacterium vaccae"
1814,"Amycolatopsis methanolica"
1823,"Nocardia otitidiscaviarum"
1852,"Saccharomonospora viridis"
1858,"Frankia sp. ArI3"
1859,"Frankia alni"
1861,"Geodermatophilus obscurus"
1866,"Actinoplanes missouriensis"
1867,"Actinoplanes teichomyceticus"
1877,"Micromonospora echinospora"
1881,"Micromonospora viridifaciens"
1885,"Streptomyces actuosus"
1888,"Streptomyces albus"
1889,"Streptomyces ambofaciens"
1890,"Streptomyces antibioticus"
1893,"Streptomyces atratus"
1894,"Kitasatospora aureofaciens"
1901,"Streptomyces clavuligerus"
1906,"Streptomyces fradiae"
1907,"Streptomyces glaucescens"
1911,"Streptomyces griseus"
1912,"Streptomyces hygroscopicus"
1915,"Streptomyces lincolnensis"
1920,"Streptomyces nigrescens"
1923,"Streptomyces phaeochromogenes"
1927,"Streptomyces rimosus"
1936,"Streptomyces violaceus"
1942,"Streptomyces goshikiensis"
1950,"Streptomyces peucetius"
1957,"Streptomyces sclerotialus"
1960,"Streptomyces vinaceus"
1961,"Streptomyces virginiae"
1969,"Streptomyces chartreusis"
1971,"Streptomyces noursei"
2006,"Thermobispora bispora"
2014,"Nocardiopsis dassonvillei"
2020,"Thermomonospora curvata"
2021,"Thermobifida fusca"
2033,"Microbacterium testaceum"
2035,"Curtobacterium flaccumfaciens"
2041,"Aeromicrobium erythreum"
2054,"Gordonia bronchialis"
2055,"Gordonia terrae"
2061,"Tsukamurella paurometabola"
2066,"Kitasatospora setae"
2074,"Pseudonocardia autotrophica"
2734,"Symbiobacterium thermophilum"
13689,"Sphingomonas paucimobilis"
28047,"Mycolicibacterium confluentis"
28049,"Acidothermus cellulolyticus"
28104,"Mesorhizobium huakuii"
28447,"Clavibacter michiganensis"
28894,"Streptomyces nitrosporeus"
29303,"Streptantibioticus cattleyicolor"
29311,"Mycobacterium haemophilum"
29314,"Mycolicibacter hiberniae"
29370,"Lacrimispora sphenoides"
29405,"Microlunatus phosphovorus"
29449,"Rhizobium etli"
31958,"Amycolatopsis orientalis"
33010,"Cutibacterium avidum"
33011,"Cutibacterium granulosum"
33889,"Brevibacterium casei"
33903,"Streptomyces avermitilis"
33910,"Amycolatopsis mediterranei"
33914,"Saccharopolyspora gregorii"
34062,"Moraxella osloensis"
35620,"Streptomyces hirsutus"
35621,"Streptomyces mobaraensis"
36809,"Mycobacteroides abscessus"
36813,"Mycolicibacterium pulveris"
36814,"Mycolicibacterium rhodesiae"
36818,"Streptomyces subrutilus"
36821,"Gordonia amarae"
36822,"Gordonia rubripertincta"
36873,"Paraburkholderia xenovorans"
37326,"Nocardia brasiliensis"
37329,"Nocardia farcinica"
37330,"Nocardia nova"
37331,"Pseudonocardia petroleophila"
37332,"Nocardia seriolae"
37921,"Arthrobacter agilis"
37923,"Rothia kristinae"
37928,"Arthrobacter crystallopoietes"
38300,"Streptomyces pristinaespiralis"
38310,"Rhodococcus coprophilus"
39122,"Skermania piniformis"
39687,"Mycolicibacterium austroafricanum"
39688,"Mycolicibacterium duvalii"
39689,"Mycobacterium gallinarum"
39691,"Mycolicibacterium moriokaense"
39692,"Mycolicibacterium parafortuitum"
39694,"Mycolicibacterium poriferae"
39695,"Mycolicibacterium tokaiense"
39960,"Erythrobacter litoralis"
40318,"Streptomyces nodosus"
40516,"Gordonia hydrophobica"
40567,"Actinosynnema mirum"
40988,"Saccharomonospora azurea"
40989,"Saccharomonospora cyanea"
40990,"Saccharomonospora glauca"
41899,"Burkholderia plantarii"
42197,"Actinosynnema pretiosum"
42234,"Streptomyces acidiscabies"
42256,"Rubrobacter radiotolerans"
42444,"Marinovum algicola"
42684,"Streptomyces collinus"
42881,"Streptomyces chromofuscus"
43057,"Cereibacter azotoformans"
43348,"Mycobacterium branderi"
43357,"Kutzneria albida"
44010,"Mycobacterium conspicuum"
45398,"Streptomyces griseoviridis"
45497,"Schnuerera ultunensis"
46158,"Actinomadura citrea"
46163,"Actinomadura luteofluorescens"
46351,"Mycolicibacterium hassiacum"
46679,"Pseudomonas mucidolens"
47312,"Tsukamurella pulmonis"
47759,"Streptomyces tubercidicus"
47760,"Streptomyces aurantiacus"
47763,"Streptomyces lydicus"
47857,"Micromonospora echinaurantiaca"
47865,"Micromonospora inositola"
47872,"Micromonospora purpureochromogenes"
47875,"Micromonospora sagamiensis"
47989,"Dactylosporangium roseum"
48296,"Acinetobacter pittii"
48935,"Novosphingobium aromaticivorans"
50338,"Rhizobium sullae"
51201,"Streptomyces griseocarneus"
52771,"Actinomyces howellii"
53358,"Intrasporangium calvum"
53362,"Dactylosporangium vinaceum"
53376,"Mycobacterium heidelbergense"
53408,"Pseudomonas citronellolis"
53431,"Nocardia salmonicida"
53437,"Nocardiopsis alba"
53458,"Janibacter limosus"
53461,"Nakamurella multipartita"
53462,"Mycolicibacterium mageritense"
53522,"Thermobifida alba"
53635,"Acidimicrobium ferrooxidans"
55404,"Streptomyces netropsis"
56438,"Couchioplanes caeruleus"
56689,"Mycolicibacterium mucogenicum"
56730,"Rhizobium gallicum"
57704,"Tsukamurella tyrosinosolvens"
57975,"Burkholderia thailandensis"
58344,"Streptomyces celluloflavus"
58346,"Streptomyces platensis"
60035,"Citrifermentans bremense"
60552,"Burkholderia vietnamiensis"
60894,"Saccharopolyspora spinosa"
61624,"Paenibacillus mucilaginosus"
66374,"Streptomyces nojiriensis"
66425,"Streptomyces luteoverticillatus"
66871,"Streptomyces aureoverticillatus"
66892,"Streptomyces gardneri"
67081,"Mycolicibacterium alvei"
67267,"Streptomyces alboflavus"
67280,"Streptomyces bobili"
67282,"Streptomyces calvus"
67287,"Streptomyces cinnabarinus"
67296,"Streptomyces finlayi"
67304,"Streptomyces griseorubiginosus"
67305,"Streptomyces hawaiiensis"
67326,"Streptomyces melanogenes"
67345,"Streptomyces prasinus"
67350,"Streptomyces pseudovenezuelae"
67352,"Kitasatospora purpeofusca"
67385,"Streptomyces xanthophaeus"
67581,"Streptomyces viridosporus"
68175,"Streptomyces antimycoticus"
68200,"Streptomyces flavofungini"
68212,"Streptomyces graminofaciens"
68214,"Streptomyces griseochromogenes"
68217,"Kitasatospora herbaricolor"
68219,"Streptomyces iakyrus"
68223,"Streptomyces katrae"
68231,"Streptomyces longwoodensis"
68232,"Streptomyces lusitanus"
68233,"Streptomyces luteogriseus"
68239,"Streptomyces mirabilis"
68246,"Streptomyces olivoreticuli"
68249,"Streptomyces pactum"
68270,"Streptomyces spectabilis"
68280,"Streptomyces violaceusniger"
68286,"Streptomyces zaomyceticus"
69964,"Azotobacter salinestris"
71433,"Mesorhizobium amorphae"
73044,"Streptomyces seoulensis"
73919,"Thermaerobacter marianensis"
75294,"Saccharomonospora xinjiangensis"
75385,"Micropruina glycogenica"
76021,"Amycolatopsis coloradensis"
76760,"Pseudomonas rhodesiae"
77007,"Thiorhodovibrio winogradskyi"
78331,"Mycobacterium canetti"
78587,"Asticcacaulis excentricus"
79883,"Sutcliffiella horikoshii"
83265,"Aminobacter niigataensis"
83291,"Streptomyces armeniacus"
83564,"Desulfosarcina ovata"
83627,"Bradyrhizobium commune"
83656,"Streptomyces tsukubensis"
84595,"Gordonia polyisoprenivorans"
85693,"Mycolicibacterium monacense"
85968,"Mycolicibacterium brumae"
92647,"Paraburkholderia tropica"
93944,"Nonomuraea gerenzanensis"
94254,"Dyadobacter fermentans"
95485,"Burkholderia stabilis"
96468,"Nocardia vinacea"
98668,"Mycolicibacterium septicum"
99653,"Rhodococcus koreensis"
103731,"Saccharothrix espanaensis"
103733,"Saccharothrix syringae"
103816,"Rhodococcus pyridinivorans"
103817,"Janibacter terrae"
106370,"Frankia casuarinae"
106412,"Streptosporangium subroseum"
108015,"Bradyrhizobium yuanmingense"
108980,"Acinetobacter ursingii"
110321,"Sinorhizobium medicae"
110505,"Mycobacterium heckeshornense"
111015,"Actinomyces radicidentis"
114686,"Streptomyces phaeoluteigriseus"
114687,"Streptomyces auratus"
116188,"Streptomyces coeruleorubidus"
117157,"Actinopolymorpha singaporensis"
117567,"Mycolicibacterium frederiksbergense"
120959,"Mycobacterium kubicae"
120962,"Roseiflexus castenholzii"
121719,"Pannonibacter phragmitetus"
122358,"Actinoplanes ianthinogenes"
126673,"Mycolicibacterium doricum"
129921,"Amycolatopsis keratiniphila"
131568,"Kineococcus radiotolerans"
132473,"Streptomyces alboniger"
134601,"Mycolicibacterium goodii"
135719,"Sphingobium amiense"
138336,"Blastococcus saxobsidens"
139021,"Dietzia psychralcaliphila"
141349,"Mycobacterium lentiflavum"
146017,"Mycolicibacterium boenickei"
146819,"Streptomyces europaeiscabiei"
146919,"Salinibacter ruber"
148447,"Paraburkholderia phymatum"
150026,"Leifsonia shinshuensis"
152142,"Mycolicibacterium holsaticum"
152500,"Burkholderia dolosa"
155177,"Streptomyces yatensis"
163011,"Pseudomonas lini"
168695,"Salinispora tropica"
169427,"Paraburkholderia terricola"
169765,"Mycobacterium lacus"
173860,"Streptomyces rectiverticillatus"
179879,"Burkholderia anthina"
181663,"Desulfosudis oleivorans"
182640,"Kribbella flavida"
185642,"Mycobacterium parmense"
186192,"Marinithermus hydrothermalis"
187303,"Methylocystis sp. SC2"
188475,"uncultured Holophaga sp."
189691,"Paenibacillus elgii"
191493,"Corynebacterium sphenisci"
193462,"Streptomyces niveus"
194963,"Sinorhizobium americanum"
196914,"Amorphoplanes friuliensis"
199591,"Brevibacterium luteolum"
199596,"Methylocella silvestris"
200252,"Deinococcus aetherius"
200618,"Nocardioides aromaticivorans"
202862,"Streptomyces drozdowiczii"
204891,"Nocardia iowensis"
208439,"Amycolatopsis japonica"
208602,"Nocardia puris"
209247,"Nocardia yamanashiensis"
211114,"Allokutzneria albata"
212765,"Mycolicibacterium madagascariense"
212767,"Mycobacterium sp. JS623"
216142,"Pseudomonas rhizosphaerae"
216929,"Mycolicibacterium psychrotolerans"
219314,"Aeromicrobium marinum"
220927,"Mycobacterium saskatchewanense"
227318,"Actinocatenispora thailandica"
227605,"Methylocella tundrae"
228602,"Nocardia arthritidis"
228899,"Peribacillus asahii"
235986,"Actinacidiphila glaucinigra"
240139,"uncultured Desulfobacter sp."
240495,"Pseudonocardia dioxanivorans"
244734,"Bradyrhizobium betae"
247333,"Serinicoccus marinus"
249058,"Gordonia otitidis"
249567,"Streptomyces decoyicus"
249586,"Streptomyces asoensis"
255247,"Fictibacillus arsenicus"
258505,"Mycolicibacterium fluoranthenivorans"
262324,"Lysobacter gummosus"
271865,"Ochrobactrum quorumnocens"
279828,"Microcella alkaliphila"
280236,"Nocardiopsis gilva"
283811,"Stackebrandtia nassauensis"
285557,"Streptomyces caniferus"
285574,"Streptomyces erythrochromogenes"
285578,"Streptomyces angustmyceticus"
286727,"Azospirillum oryzae"
289370,"Pseudomonas argentinensis"
290399,"Arthrobacter sp. FB24"
292913,"Sphingopyxis sp. 113P3"
293089,"Martelella mediterranea"
298653,"Parafrankia sp. EAN1pec"
299146,"Micromonospora narathiwatensis"
299152,"Micromonospora siamensis"
300028,"Rhodococcus triatomae"
307121,"Micromonospora krabiensis"
309887,"Deinococcus maricopensis"
310575,"Advenella kashmirensis"
312306,"Pseudomonas entomophila"
318424,"Mycolicibacterium rufum"
319706,"Mycolicibacterium phocaicum"
319707,"Mycolicibacterium aubagnense"
319947,"Streptomyces durmitorensis"
322009,"Sinomonas cyclohexanicum"
328692,"Deinococcus aquaticus"
332249,"Truepera radiovictrix"
333966,"Saccharopolyspora pogona"
337191,"Gordonia sp. KTR9"
340145,"Exiguobacterium artemiae"
340345,"Actinoalloteichus hymeniacidonis"
342113,"Burkholderia oklahomensis"
344163,"Microbacterium terricola"
345370,"Solidesulfovibrio carbinoliphilus"
348043,"Streptomyces davaonensis"
362257,"Streptomyces vietnamensis"
363835,"Sphingomonas ginsengisoli An et al. 2013"
365349,"Pelosinus fermentans"
370526,"Mycolicibacterium rutilum"
371036,"Gottfriedia acidiceleris"
375549,"Sinorhizobium mexicanum"
376149,"Streptomyces sp. NL15-2K"
384636,"Lacrimispora xylanisolvens"
386874,"Sphingomonas sediminicola"
386911,"Mycobacterium seoulense"
388357,"Kocuria turfanensis"
388459,"Mycolicibacterium crocinum"
390989,"Actinocatenispora sera"
391905,"Methylocystis heyeri"
397260,"Sphingomonas sanxanigenens"
399176,"Sphingomonas sp. R1"
399497,"Tessaracoccus flavescens"
404941,"Mycobacteroides salmoniphilum"
408015,"Streptomyces xiamenensis"
408783,"Streptomyces sp. CG4"
410332,"Gordonia malaquae"
414996,"Actinopolyspora erythraea"
419476,"Nocardioides marinisabuli"
421767,"Peribacillus butanolivorans"
424188,"Streptomyces deccanensis"
433659,"Nocardioides mesophilus"
436516,"Lysinibacillus parviboronicapiens"
439387,"Bradyrhizobium sp. CIAT3101"
443156,"Pedococcus dokdonensis"
444103,"Streptomyces sp. CNQ-509"
444597,"Mycolicibacterium insubricum"
445576,"Pseudonocardia sp. AL041005-10"
450367,"Peribacillus frigoritolerans"
450378,"Croceicoccus marinus"
452529,"Streptomyces scopuliridis"
453230,"Desulfarculus baarsii"
455344,"Saccharopolyspora gloriosae"
455432,"Nocardia terpenica"
459858,"Mycobacterium noviomagense"
461876,"Alkaliphilus oremlandii"
470076,"Mycobacterium stomatepiae"
477697,"Streptomyces sp. T12"
479978,"Micromonospora tulbaghiae"
480035,"Nocardia wallacei"
482462,"Mycobacterium dioxanotrophicus"
482957,"Burkholderia lata"
483545,"Thermobifida halotolerans"
486698,"Mycobacterium riyadhense"
487184,"Halopseudomonas xinjiangensis"
488730,"Burkholderia arboris"
488732,"Burkholderia diffusa"
492670,"Bacillus velezensis"
512402,"Mycolicibacter heraklionensis"
515350,"Micromonospora endophytica"
515361,"Neorhizobium petrolearium"
515415,"Microbacterium invictum"
519081,"Aquitalea denitrificans"
524884,"Saccharopolyspora rosea"
530584,"Prauserella marina"
536018,"Mesorhizobium australicum"
546871,"Friedmanniella luteola"
546874,"Microlunatus sagamiharensis"
553510,"Streptomyces gilvosporeus"
555315,"Ensifer canadensis"
555316,"Phyllobacterium sp. T1018"
555317,"Phyllobacterium sp. T1293"
556288,"Brachybacterium saurashtrense"
556499,"Propionibacterium acidifaciens"
560555,"Mycobacterium mantenii"
568844,"Microbispora hainanensis"
571256,"Brucella pituitosa"
571913,"Luteipulveratus mongoliensis"
574650,"Micrococcus terreus"
574727,"Bradyrhizobium sp. C-145"
577492,"Mycobacterium paraterrae"
582680,"Microbacterium azadirachtae"
593909,"Mesorhizobium opportunistum"
616991,"Arenibacter algicola"
627624,"Nocardioides panacisoli"
630515,"Microlunatus soli"
632569,"Saccharomonospora marina"
639313,"Hoyosella subflava"
648995,"Agrobacterium pusense"
649831,"Actinoplanes sp. N902-109"
655015,"Methylocystis bryophila"
659012,"Agromyces soli"
659352,"Streptomyces sp. SN-593"
665007,"Streptomyces incarnatus"
671077,"Caldinitratiruptor microaerophilus"
673372,"Vibrio casei"
674079,"Marisediminicola antarctica"
675864,"Auraticoccus monumenti"
679318,"Rhodococcus sp. WMMA185"
680248,"Sinorhizobium numidicum"
692036,"Tuwongella immobilis"
700274,"Amycolatopsis roodepoortensis"
709810,"Azospirillum sp. TSA2s"
709879,"Micromonospora halotolerans"
710111,"Frankia sp. QA3"
710705,"Streptomyces sp. FXJ1.172"
715471,"Amycolatopsis sp. 2-15"
715472,"Amycolatopsis sp. 2-2"
715473,"Amycolatopsis acidiphila"
715475,"Amycolatopsis mongoliensis"
716925,"Sinorhizobium sojae"
717785,"Hyphomicrobium sp. MC1"
722731,"Mycobacterium shigaense"
743009,"Microbacterium oryzae"
758802,"Mycolicibacterium litorale"
761804,"Mycobacterium europaeum"
767452,"Serinicoccus chungangensis"
857417,"Janibacter indicus"
860235,"Kibdelosporangium phytohabitans"
862751,"Streptomyces sp. SirexAA-E"
864069,"Microvirga lotononidis"
875808,"Gordonia sp. NB41Y"
886343,"Mycobacterium spongiae"
887462,"Streptomyces brevispora"
904039,"Arthrobacter sp. NEB 688"
912630,"Microbacterium sp. LKL04"
931866,"Bradyrhizobium ottawaense"
940615,"Granulicella tundricola"
944492,"Amycolatopsis thermalba"
946334,"Actinoplanes sp. OR16"
980254,"Roseimaritima ulvae"
990078,"Bradyrhizobium huanghuaihaiense"
993502,"Bradyrhizobium daqingense"
1004901,"Gordonia iterans"
1016987,"Novosphingobium sp. THN1"
1028989,"Pseudomonas sp. StFLB209"
1038928,"Streptomyces xinghaiensis"
1041159,"Ensifer sp. WSM1721"
1045317,"Sphingomonas lutea"
1047172,"Nocardia sp. CS682"
1048205,"Streptomyces uncialis"
1055487,"Methylotenera versatilis"
1069220,"Mycolicibacillus koreensis"
1069221,"Mycolicibacillus parakoreensis"
1077946,"Streptomyces hundungensis"
1078471,"Serinicoccus profundi"
1090615,"Nakamurella panacisegetis"
1118379,"Mycolicibacter minnesotensis"
1123043,"Telmatocola sphagniphila"
1136941,"Gordonia phthalatica"
1150371,"Streptomyces phytohabitans"
1162966,"Naasia aerilata"
1169025,"Streptomyces pratensis"
1176646,"Sphingomonas daechungensis"
1197460,"Bradyrhizobium sp. 6(2017)"
1207504,"Burkholderia pseudomultivorans"
1211807,"Stutzerimonas kunmingensis"
1221500,"Fictibacillus phosphorivorans"
1226757,"Streptomyces rapamycinicus"
1226968,"Azospirillum humicireducens"
1229727,"Salipiger profundus"
1245436,"Paraburkholderia kirstenboschensis"
1249101,"Mycolicibacterium celeriflavum"
1259258,"Cryobacterium breve"
1278232,"Keratinibaculum paraultunense"
1282737,"Flaviflexus salsibiostraticola"
1285901,"Tessaracoccus defluvii"
1286181,"Mycolicibacterium arabiense"
1287523,"Streptomyces sp. CG1"
1288636,"Ornithinimicrobium flavum"
1302308,"Rhodococcus sp. P1Y"
1325090,"Bradyrhizobium guangdongense"
1325095,"Bradyrhizobium guangzhouense"
1325102,"Bradyrhizobium sp. CCBAU 51765"
1325112,"Bradyrhizobium sp. CCBAU 53340"
1325120,"Bradyrhizobium sp. CCBAU 53421"
1332264,"Tessaracoccus aquimaris"
1333528,"Streptomyces sp. GMY02"
1353260,"Candidatus Nitrosocosmicus oleophilus"
1355015,"Streptomyces pluripotens"
1357915,"Arthrobacter sp. QXT-31"
1384459,"Methyloceanibacter caenitepidi"
1385591,"Burkholderia mayonis"
1389020,"Agromyces marinus"
1389713,"Mycobacterium paragordonae"
1402135,"Pseudosulfitobacter pseudonitzschiae"
1404367,"Bradyrhizobium symbiodeficiens"
1404411,"Bradyrhizobium septentrionale"
1404443,"Bradyrhizobium sp. 41S5"
1404768,"Bradyrhizobium amphicarpaeae"
1404799,"Tardiphaga sp. 42S5"
1404864,"Bradyrhizobium cosmicum"
1404888,"Bradyrhizobium sp. 1(2017)"
1413221,"Streptomyces ferrugineus"
1416614,"Gloeobacter kilaueensis"
1419277,"Bradyrhizobium brasilense"
1430326,"Mycobacterium decipiens"
1431246,"Mycolicibacterium anyangense"
1436133,"Actinacidiphila bryophytorum"
1437453,"Streptomyces leeuwenhoekii"
1442032,"Streptomyces dangxiongensis"
1446794,"Frondihabitans sp. 762G35"
1448059,"Amycolatopsis rhabdoformis"
1460244,"Streptomyces sp. PCS3-D2"
1464011,"[Kitasatospora] papulosa"
1470176,"Actinoalloteichus hoggarensis"
1483604,"Kutzneria chonburiensis"
1495650,"Thermoflexus hugenholtzii"
1503053,"Burkholderia singularis"
1522758,"Streptomyces sp. ADI95-16"
1528104,"Geodermatophilus sp. DSM 44513"
1530123,"Acinetobacter seifertii"
1534348,"Mycolicibacterium sarraceniae"
1534349,"Mycolicibacterium helvum"
1535208,"Barrientosiimonas endolithica"
1537400,"Aquitalea aquatilis"
1542737,"Nocardioides marmorisolisilvae"
1543852,"Prescottella soli"
1544730,"Kribbella qitaiheensis"
1545728,"Mycobacterium sp. EPa45"
1547487,"Mycobacterium sp. ELW1"
1549949,"Bradyrhizobium vignae"
1552759,"Mycolicibacterium grossiae"
1555112,"Limnochorda pilosa"
1561022,"Streptomyces sp. CCM_MD2014"
1564114,"Rhodococcus sp. B7740"
1564165,"Blastococcus brunescens"
1586287,"Lentzea guizhouensis"
1603258,"Williamsia herbipolensis"
1608628,"Candidatus Filomicrobium marinum"
1608957,"Euzebya pacifica"
1612173,"Niveispirillum cyanobacteriorum"
1616117,"Streptomyces formicae"
1619153,"Cohnella sp. LGH"
1619308,"Cnuibacter physcomitrellae"
1641402,"Pseudonocardia sp. HH130629-09"
1642299,"Streptomyces alfalfae"
1653480,"Alloactinosynnema sp. L-07"
1658671,"Arsenicicoccus sp. oral taxon 190"
1682113,"Mycobacterium adipatum"
1690220,"Phycicoccus endophyticus"
1690221,"Streptomyces spongiicola"
1690815,"Pseudonocardia sp. HH130630-07"
1691904,"Pseudomonas sediminis"
1701758,"Aureimonas populi"
1704044,"Arthrobacter sp. ERGS1:01"
1714373,"Microbacterium sp. No. 7"
1716143,"Pseudodesulfovibrio indicus"
1719132,"Mycobacterium vicinigordonae"
1725411,"Streptomyces sp. CdTB01"
1736306,"Aeromicrobium sp. Leaf245"
1751056,"Flavobacterium ammonificans"
1751095,"Flavobacterium ammoniigenes"
1756988,"Nitratireductor sp. OM-1"
1758390,"Polynucleobacter sp. JS-JIR-II-b4"
1758689,"Serinicoccus hydrothermalis"
1774216,"Nocardioides rotundus"
1777866,"Mesorhizobium erdmanii"
1778678,"Paenibacillus psychroresistens"
1783348,"Corynebacterium guangdongense"
1784719,"Leucobacter triazinivorans"
1795032,"Mycolicibacter virginiensis"
1795630,"Frondihabitans sp. PAMC 28766"
1798223,"Leifsonia sp. 21MFCrub1.1"
1798224,"Jiangella sp. DSM 45060"
1798806,"Candidatus Nitrosocosmicus franklandus"
1804624,"Nocardioides baekrokdamisoli"
1804986,"Amycolatopsis albispora"
1805478,"Olsenella timonensis"
1805827,"Rhodococcus sp. MTM3W5.2"
1805840,"Rhodococcus sovatensis"
1808979,"Candidatus Methylospira mobilis"
1812480,"Streptomyces sp. fd1-xmd"
1813880,"Nostocoides sp. HKS02"
1825976,"Neorhizobium sp. NCHU2750"
1827580,"Streptomyces nigra"
1827742,"Streptomyces sp. f51"
1841249,"Streptomyces sp. RTd22"
1844971,"Curvibacter sp. AEP1-3"
1848900,"Streptomyces sp. ST1015"
1849032,"Arthrobacter sp. U41"
1849967,"Streptomyces sp. SAT1"
1851167,"Streptomyces sp. 11-1-2"
1855352,"Streptomyces sp. TLI_053"
1856685,"Pseudomonas sp. TCU-HL1"
1882747,"Afipia sp. GAS231"
1882757,"Streptomyces sp. 3214.6"
1891094,"Pandoraea fibrosis"
1891644,"Epidermidibacterium keratini"
1896961,"Amycolatopsis sp. AA4"
1897060,"Cryobacterium sp. SO2"
1903276,"Candidatus Nitrosotalea okcheonensis"
1904616,"Streptomyces fodineus"
1907575,"Jatrophihabitans sp. GAS493"
1911175,"Amycolatopsis sp. BJA-103"
1912599,"Paraburkholderia acidicola"
1914461,"Micromonospora terminaliae"
1920422,"Paenibacillus sp. FSL H8-0548"
1921510,"Tardibacter chloracetimidivorans"
1930532,"Pseudomonas sp. CC6-YY-74"
1935379,"Leucobacter muris"
1936029,"Mycobacterium sp. MS1601"
1938841,"Streptomyces sp. 2323.1"
1962974,"Geothrix sp."
1977088,"Streptomyces ficellus"
2003551,"Cellulomonas sp. PSBB021"
2010972,"Caulobacter rhizosphaerae"
2014534,"Microbacterium sp. PM5"
2014920,"Streptomyces capitiformicae"
2017485,"Brachybacterium avium"
2017685,"Arthrobacter sp. PM3"
2018025,"Kitasatospora sp. MMS16-BH015"
2020377,"Sinomonas sp. R1AF57"
2026624,"Parasphingopyxis algicola"
2033869,"Rhodobacter sp. CZR27"
2035858,"uncultured Pseudodesulfovibrio sp."
2038343,"Jatrophihabitans telluris"
2039870,"Micromonospora sp. WMMA2032"
2040469,"Arenibacter antarcticus"
2040489,"uncultured Gellertiella sp."
2045452,"Nocardioides houyundeii"
2049881,"Streptomyces dengpaensis"
2051553,"Methylobacterium currus"
2055889,"Nocardia tengchongensis"
2057741,"Bradyrhizobium sp. SK17"
2059884,"Streptomyces sp. CMB-StM0423"
2066070,"Mesorhizobium japonicum"
2070347,"Agrococcus sp. SGAir0287"
2071627,"Plantactinospora sp. BB1"
2072412,"Stenotrophomonas sp. ZAC14A_NAIMI4_1"
2072503,"Actinoalloteichus sp. AHMU CJ021"
2072505,"Streptomyces sp. Go-475"
2078691,"Streptomyces sp. CB01881"
2079793,"Aeromicrobium chenweiae"
2081791,"Rhizobium ruizarguesonis"
2082188,"Sphingobium sp. YG1"
2082387,"Mesorhizobium sp. Pch-S"
2083284,"Streptomyces sp. CB09001"
2094119,"Mycobacterium basiliense"
2099693,"Mycobacterium sp. ITM-2016-00318"
2099694,"Mycobacterium sp. ITM-2016-00317"
2099695,"Mycobacterium sp. ITM-2016-00316"
2107713,"Aeromicrobium sp. A1-2"
2108445,"Mesorhizobium sp. DCY119"
2126346,"Peterkaempfera bronchialis"
2135430,"Streptomyces sp. P3"
2136173,"Streptomyces sp. So13.3"
2136401,"Streptomyces sp. YIM 121038"
2170729,"Methyloceanibacter sp. wino2"
2171623,"Miniimonas sp. S16"
2174846,"Streptomyces tirandamycinicus"
2175864,"Streptomyces sp. NHF165"
2184053,"Streptomyces cadmiisoli"
2201999,"Micromonospora sp. B006"
2202249,"Streptosporangium sp. 'caverna'"
2202826,"Methylobacterium sp. 17Sr1-1"
2202827,"Methylobacterium terrae"
2202828,"Methylobacterium radiodurans"
2203204,"Streptomyces sp. WAC 01438"
2203205,"Streptomyces sp. WAC 01529"
2211210,"Arthrobacter dokdonellae"
2213200,"Nocardia mangyaensis"
2220095,"Cryobacterium soli"
2268449,"Actinokineospora sp. UTMC 2448"
2268461,"Microbacterium sp. ABRD28"
2282738,"Streptomyces paludis"
2283195,"Ornithinimicrobium avium"
2293571,"Streptomyces inhibens"
2293838,"Thermaerobacter sp. PB12/4term"
2294034,"Micromonospora craniellae"
2305220,"Streptomyces sp. W1SF4"
2315862,"Paraflavitalea soli"
2382165,"Nocardia yunnanensis"
2420509,"Gordonia insulae"
2483401,"Microbacterium sp. 10M-3C3"
2483404,"Mesorhizobium sp. NZP2077"
2483799,"Georgenia faecalis"
2486855,"Arthrobacter sulfonylureivorans"
2488810,"Ruminiclostridium herbifermentans"
2493668,"Mesorhizobium sp. M9A.F.Ca.ET.002.03.1.2"
2493669,"Mesorhizobium sp. M1D.F.Ca.ET.043.01.1.1"
2493673,"Mesorhizobium sp. M1B.F.Ca.ET.045.04.1.1"
2493675,"Mesorhizobium sp. M4B.F.Ca.ET.058.02.1.1"
2493676,"Mesorhizobium sp. M3A.F.Ca.ET.080.04.2.1"
2493678,"Mesorhizobium sp. M7D.F.Ca.US.005.01.1.1"
2493680,"Mesorhizobium sp. M1A.F.Ca.IN.022.06.1.1"
2494375,"Aequorivita sp. H23M31"
2496836,"Streptomyces cyaneochromogenes"
2498135,"Streptomonospora litoralis"
2498451,"Rheinheimera mangrovi"
2498452,"Rhodomicrobium lacus"
2499145,"Rhodococcus sp. X156"
2500546,"Nocardioides yefusunii"
2502979,"Pseudomonas khazarica"
2507161,"Acidilutibacter cellobiosedens"
2507582,"Rhodococcus sp. ABRD24"
2508722,"Streptomyces roseicoloratus"
2508882,"Ornithinimicrobium sufpigmenti"
2509455,"Agromyces protaetiae"
2509458,"Microbacterium protaetiae"
2509675,"Ktedonosporobacter rubrisoli"
2511069,"Synechococcus sp. RSCCF101"
2516557,"Aquirufa nivalisilvae"
2516559,"Aquirufa antheringensis"
2527972,"Aeoliella mucimassa"
2527980,"Stratiformator vulcanicus"
2527982,"Mucisphaera calidilacus"
2527989,"Alienimonas californiensis"
2527995,"Symmachiella dynata"
2528005,"Stieleria varia"
2548456,"Streptomyces aquilus"
2565366,"Arthrobacter sp. PAMC25564"
2565555,"Sphingomonas sp. PAMC26645"
2566013,"Cellulomonas shaoxiangyii"
2567881,"Citricoccus sp. SGAir0253"
2567884,"Rhodococcus sp. SGAir0479"
2567934,"Microbacterium sp. 4R-513"
2571749,"Novosphingobium sp. EMRT-2"
2575374,"Arthrobacter sp. 24S4-2"
2575923,"Brevibacterium sp. CS2"
2583243,"Micromonospora sp. HM134"
2585135,"Georgenia wutianyii"
2585716,"Streptomyces sp. C8S0"
2587847,"Roseovarius sp. THAF9"
2589797,"Georgenia yuyongxinii"
2589888,"Mesorhizobium sp. B4-1-4"
2589903,"Mesorhizobium sp. B2-8-5"
2589967,"Mesorhizobium sp. B2-1-8"
2589974,"Mesorhizobium sp. B2-1-1"
2589976,"Mesorhizobium sp. B1-1-8"
2591108,"Actinomadura sp. WMMA1423"
2592652,"Agromyces intestinalis"
2593973,"Ornithinimicrobium pratense"
2594265,"Ornithinimicrobium ciconiae"
2596828,"Microlunatus elymi"
2597660,"Tomitella fengzijianii"
2599401,"Streptomyces qinzhouensis"
2600159,"Arthrobacter sp. UKPF54-2"
2603276,"Methylobacterium sp. WL1"
2604158,"Nitratidesulfovibrio liaohensis"
2613773,"Sinorhizobium sp. BG8"
2614442,"Pseudomonas sp. LPB0260"
2614638,"Microbacterium caowuchunii"
2614639,"Microbacterium lushaniae"
2651199,"Arthrobacter sp. CDRTa11"
2651334,"Microvirga thermotolerans"
2653200,"Streptomyces phaeolivaceus"
2653852,"Rubrobacter marinus"
2653857,"Amycolatopsis sp. YIM 10"
2654193,"Microbacterium sp. JZ37"
2654249,"Mesorhizobium sp. NBSH29"
2654547,"Pseudactinotalea sp. HY158"
2654982,"Paraburkholderia atlantica"
2662028,"Aeromicrobium yanjiei"
2662261,"Raineyella fluvialis"
2663121,"Rhodococcus sp. WAY2"
2663859,"Aeromicrobium senzhongii"
2665642,"Allosaccharopolyspora coralli"
2665643,"Gordonia mangrovi"
2666185,"Spiribacter sp. 2438"
2672569,"Microlunatus sp. Gsoil 973"
2675222,"Micromonospora sp. WMMC415"
2675523,"Mycobacterium sp. DL440"
2675524,"Mycobacterium sp. DL592"
2676871,"Streptomyces sp. Tu 2975"
2682968,"Hyphomicrobium sp. ghe19"
2683590,"Diaminobutyricimonas sp. LJ205"
2684468,"Streptomyces sp. QHH-9511"
2684469,"Streptomyces sp. SCUT-3"
2686304,"Streptomyces broussonetiae"
2692234,"Streptomyces sp. GS7"
2695266,"Streptomyces sp. HM190"
2698684,"Sinimarinibacterium sp. NLF-5-8"
2699395,"Methylosinus sp. C49"
2704467,"Cellulomonas sp. H30R-01"
2704468,"Streptacidiphilus sp. P02-A3a"
2705012,"Streptacidiphilus sp. PB12-B1b"
2708082,"Mumia sp. ZJ1417"
2710756,"Streptomyces bathyalis"
2714844,"Streptomyces sp. JB150"
2714937,"Propioniciclava coleopterorum"
2714939,"Nocardioides sp. HDW12B"
2714941,"Phycicoccus sp. HDW14"
2714943,"Sphingomonas piscis"
2716227,"Gephyromycinifex aptenodytis"
2716812,"Candidatus Protofrankia datiscae"
2717324,"Streptomyces liangshanensis"
2718938,"Phyllobacterium sp. 628"
2719023,"Saccharopolyspora sp. ASAGF58"
2720714,"Streptomyces sp. 891-h"
2721173,"Streptomyces sp. DSM 40868"
2725477,"Pseudomonas tohonis"
2725666,"Mesorhizobium terrae"
2726118,"Streptomyces argyrophyllae"
2726185,"Paenibacillus albicereus"
2726956,"Pseudomonas berkeleyensis"
2728835,"Luteolibacter luteus"
2729175,"Cellulomonas taurus"
2730848,"Pseudomonas sp. ADAK18"
2730915,"Streptomyces sp. Z423-1"
2731219,"Alkaliphilus sp. B6464"
2731681,"Pseudomonas campi"
2732864,"Modestobacter italicus"
2733571,"Trueperella pecoris"
2735134,"Sphingomonas sp. AP4-R1"
2735868,"Exiguobacterium sp. Helios"
2736649,"Mycolicibacterium mengxianglii"
2736757,"Nocardioides campestrisoli"
2736875,"Bradyrhizobium xenonodulans"
2738409,"Mycobacterium ostraviense"
2740185,"Geomonas paludis"
2742131,"Amycolatopsis sp. Hca4"
2742132,"Verrucosispora sp. NA02020"
2742135,"Kitasatospora sp. NA04385"
2742136,"Streptomyces sp. NA04227"
2742137,"Streptomyces sp. NA02950"
2742602,"Gordonia sp. X0973"
2742603,"Rhodococcus sp. W8901"
2744474,"Streptomyces sp. KMM 9044"
2744518,"Mesorhizobium sp. 131-2-1"
2744521,"Mesorhizobium sp. L-2-11"
2745196,"Amycolatopsis sp. CA-230715"
2745495,"Pseudomonas vanderleydeniana"
2745504,"Pseudomonas hamedanensis"
2746321,"Pseudomonas phenolilytica"
2746961,"Streptomyces caniscabiei"
2748629,"Bradyrhizobium quebecense"
2749844,"Micromonospora ferruginea"
2749991,"Nocardia gipuzkoensis"
2750011,"Streptomyces sp. Rer75"
2750812,"Actinomadura graeca"
2751189,"Streptomyces sp. NEAU-sy36"
2755382,"Nocardia huaxiensis"
2758041,"Aureimonas mangrovi"
2758442,"Actinotalea sp. JY-7876"
2758710,"Gordonia jinghuaiqii"
2759943,"Protaetiibacter sp. SSC-01"
2760083,"Tomitella gaofuii"
2760308,"Propioniciclava sp. MC1595"
2760310,"Tessaracoccus sp. MC1865"
2760705,"Nocardioides sp. InS609-2"
2761578,"Mycolicibacterium baixiangningiae"
2762325,"Nakamurella sp. PAMC28650"
2762576,"Pseudomonas baltica"
2763006,"Streptomyces buecherae"
2763071,"Edaphobacter sp. 4G125"
2764186,"Sphingomonas sabuli"
2768066,"Streptomyces roseirectus"
2768068,"Streptomyces genisteinicus"
2768069,"Streptomyces xanthii"
2770551,"Yimella sp. cx-51"
2775081,"Propioniciclava soli"
2775404,"Mesorhizobium onobrychidis"
2775496,"Mycobacterium senriense"
2777475,"Mesorhizobium sp. J8"
2778070,"Amycolatopsis sp. FDAARGOS 1241"
2779775,"Ruania alkalisoli"
2781734,"Streptomyces sp. A2-16"
2781735,"Saccharothrix sp. 6-C"
2781962,"Agromyces archimandritae"
2782659,"Bradyrhizobium sp. 191"
2782662,"Bradyrhizobium sp. 195"
2789739,"Rhodococcus sp. USK10"
2789856,"Pontivivens ytuae"
2791991,"Streptomyces sp. MUM 178J"
2792008,"Pseudonocardia abyssalis"
2795000,"Maridesulfovibrio sp."
2795974,"Stieleria maiorica"
2796927,"Gelria sp. Kuro-4"
2797636,"Streptomyces liliifuscus"
2801029,"Streptomyces sp. CA-210063"
2801030,"Streptomyces sp. DSM 40750"
2806210,"Flagellatimonas centrodinii"
2806346,"Rhizobium sp. SL42"
2810562,"Desulfoluna limicola"
2811104,"Streptomyces durocortorensis"
2811108,"Natronoglycomyces albus"
2811111,"Natronosporangium hydrolyticum"
2811421,"Rhodococcus pseudokoreensis"
2811424,"Gordonia sp. PDNC005"
2816859,"Arthrobacter sunyaminii"
2819238,"Pengzhenrongella sicca"
2819280,"Acidihalobacter yilgarnensis"
2819286,"Luteolibacter sp. LG18"
2820884,"Spiractinospora alimapuensis"
2830983,"Arthrobacter sp. NtRootA1"
2830998,"Arthrobacter sp. NicSoilB8"
2831662,"Gordonia pseudamarae"
2831968,"Nocardiopsis akebiae"
2833628,"Streptomyces sp. MST-110588"
2836373,"Actinoplanes sp. L3-i22"
2837956,"Streptomyces sp. FIT100"
2839623,"Arthrobacter sp. K5"
2840373,"Streptomyces sp. YPW6"
2842348,"Pseudomonas alvandae"
2842453,"Amycolatopsis aidingensis"
2845819,"Flavobacterium sp. CECT 9288"
2847991,"Geomonas nitrogeniifigens"
2847992,"Geomonas oryzisoli"
2849093,"Rhizobium sp. WYJ-E13"
2851567,"Modestobacter sp. L9-4"
2851959,"Chloracidobacterium aggregatum"
2856555,"Micrococcus porci"
2857058,"Mycobacterium sp. SMC-2"
2857059,"Mycobacterium sp. SMC-4"
2857060,"Mycobacterium sp. SMC-8"
2861279,"Arthrobacter sp. PAMC25284"
2861281,"Microbacterium sp. PAMC22086"
2861750,"Amycolatopsis sp. TNS106"
2865673,"Streptomyces akebiae"
2865832,"Amycolatopsis sp. DSM 110486"
2865838,"Mesorhizobium sp. AR07"
2865839,"Mesorhizobium sp. AR10"
2866627,"Hydrogenibacillus sp. N12"
2867005,"Mycobacterium sp. IDR2000157661"
2867012,"Jannaschia sp. W003"
2867410,"Streptomyces profundus"
2871165,"Flavobacterium sp. CHNK8"
2871170,"Cellulomonas sp. C5510"
2872154,"Nocardioides coralli"
2873270,"Leucobacter tenebrionis"
2875706,"Streptomyces gobiensis"
2875729,"Leucobacter sp. Psy1"
2877939,"Vogesella sp. XCS3"
2877940,"Roseateles sp. XES5"
2878150,"Caballeronia sp. Lep1P3"
2878388,"Streptomyces marincola"
2879617,"Arthrobacter sp. FW305-BF8"
2879846,"Streptomyces halobius"
2880933,"Streptomyces longhuiensis"
2880934,"Mesorhizobium sp. PAMC28654"
2881056,"Demequina sp. TMPB413"
2892996,"Streptomyces sp. SCSIO ZS0520"
2894192,"Arthrobacter sp. zg-Y820"
2895796,"Paracoccus sp. MA"
2895818,"Arthrobacter antioxidans"
2896848,"Yinghuangia sp. ASG 101"
2897773,"Ruania halotolerans"
2897774,"Ruania suaedae"
2898276,"Streptomyces sp. MRC013"
2900152,"Streptomyces sp. LX-29"
2903536,"Mycobacterium sp. 20KCMC460"
2903562,"Amycolatopsis sp. NBC_01480"
2903563,"Amycolatopsis sp. NBC_01488"
2903564,"Kineococcus sp. NBC_00420"
2903568,"Kitasatospora sp. NBC_00458"
2903570,"Kitasatospora sp. NBC_01246"
2903572,"Kitasatospora sp. NBC_01266"
2903574,"Kitasatospora sp. NBC_01300"
2903578,"Kribbella sp. NBC_01245"
2903579,"Kribbella sp. NBC_01484"
2903582,"Lentzea sp. NBC_00516"
2903583,"Microbispora sp. NBC_01189"
2903593,"Nocardia sp. NBC_01327"
2903594,"Nocardia sp. NBC_01329"
2903629,"Streptomyces sp. NBC_00162"
2903634,"Streptomyces sp. NBC_00190"
2903638,"Streptomyces sp. NBC_00234"
2903639,"Streptomyces sp. NBC_00236"
2903640,"Streptomyces sp. NBC_00239"
2903641,"Streptomyces sp. NBC_00250"
2903642,"Streptomyces sp. NBC_00258"
2903643,"Streptomyces sp. NBC_00259"
2903649,"Streptomyces sp. NBC_00435"
2903651,"Streptomyces sp. NBC_00442"
2903652,"Streptomyces sp. NBC_00448"
2903657,"Streptomyces sp. NBC_00490"
2903659,"Streptomyces sp. NBC_00503"
2903660,"Streptomyces sp. NBC_00525"
2903665,"Streptomyces sp. NBC_00576"
2903669,"Streptomyces sp. NBC_00659"
2903671,"Streptomyces sp. NBC_00691"
2903768,"Streptomyces sp. NBC_01197"
2903769,"Streptomyces sp. NBC_01198"
2903778,"Streptomyces sp. NBC_01216"
2903779,"Streptomyces sp. NBC_01217"
2903783,"Streptomyces sp. NBC_01224"
2903786,"Streptomyces sp. NBC_01232"
2903787,"Streptomyces sp. NBC_01233"
2903788,"Streptomyces sp. NBC_01235"
2903797,"Streptomyces sp. NBC_01244"
2903798,"Streptomyces sp. NBC_01255"
2903799,"Streptomyces sp. NBC_01257"
2903801,"Streptomyces sp. NBC_01260"
2903803,"Streptomyces sp. NBC_01262"
2903806,"Streptomyces sp. NBC_01268"
2903808,"Streptomyces sp. NBC_01276"
2903812,"Streptomyces sp. NBC_01283"
2903814,"Streptomyces sp. NBC_01288"
2903815,"Streptomyces sp. NBC_01294"
2903816,"Streptomyces sp. NBC_01296"
2903817,"Streptomyces sp. NBC_01298"
2903818,"Streptomyces sp. NBC_01304"
2903821,"Streptomyces sp. NBC_01314"
2903822,"Streptomyces sp. NBC_01317"
2903824,"Streptomyces sp. NBC_01320"
2903827,"Streptomyces sp. NBC_01334"
2903828,"Streptomyces sp. NBC_01335"
2903830,"Streptomyces sp. NBC_01340"
2903831,"Streptomyces sp. NBC_01341"
2903832,"Streptomyces sp. NBC_01343"
2903833,"Streptomyces sp. NBC_01351"
2903834,"Streptomyces sp. NBC_01352"
2903835,"Streptomyces sp. NBC_01353"
2903838,"Streptomyces sp. NBC_01361"
2903862,"Streptomyces sp. NBC_01429"
2903863,"Streptomyces sp. NBC_01431"
2903865,"Streptomyces sp. NBC_01435"
2903869,"Streptomyces sp. NBC_01445"
2903871,"Streptomyces sp. NBC_01450"
2903872,"Streptomyces sp. NBC_01451"
2903875,"Streptomyces sp. NBC_01460"
2903878,"Streptomyces sp. NBC_01465"
2903879,"Streptomyces sp. NBC_01471"
2903881,"Streptomyces sp. NBC_01476"
2903882,"Streptomyces sp. NBC_01478"
2903883,"Streptomyces sp. NBC_01483"
2903884,"Streptomyces sp. NBC_01485"
2903885,"Streptomyces sp. NBC_01497"
2903898,"Streptosporangium sp. NBC_01469"
2903899,"Streptosporangium sp. NBC_01495"
2904523,"Allobranchiibius sp. GilTou73"
2904790,"Cellulomonas sp. S1-8"
2907343,"Gloeobacter morelensis"
2907545,"Streptomyces sp. GQFP"
2908642,"Solicola gregarius"
2909229,"Saxibacter everestensis"
2909587,"Microbacterium elymi"
2909671,"Paenibacillus spongiae"
2914159,"Amycolatopsis sp. FU40"
2917724,"Nocardioides sp. TF02-7"
2919322,"Amycolatopsis sp. EV170708-02-1"
2921401,"Paenisporosarcina sp. FSL H8-0542"
2921495,"Paenibacillus sp. FSL K6-3182"
2921704,"Chryseomicrobium sp. FSL W7-1435"
2923272,"Streptomyces tubbatahanensis"
2927979,"Mesoterricola silvestris"
2927980,"Mesoterricola sediminis"
2929795,"Tsukamurella sp. PLM1"
2929802,"Agromyces larvae"
2932244,"Agromyces sp. H17E-10"
2932773,"Amycolatopsis sp. WQ 127309"
2933797,"Blastococcus sp. PRF04-17"
2934158,"Ornithinimicrobium faecis"
2934161,"Ornithinimicrobium cryptoxanthini"
2935861,"Gordonia sp. PP30"
2937787,"Sphingomonas sp. SUN039"
2937788,"Sphingomonas sp. SUN019"
2937800,"Conexibacter sp. S30A1"
2937801,"Conexibacter sp. DBS9H8"
2938948,"Sphingomonas glaciei"
2939415,"Stenotrophomonas sp. NY11291"
2942449,"Streptomyces sp. RerS4"
2942909,"Brachybacterium kimchii"
2943192,"Blastopirellula sp. J2-11"
2943498,"Candidatus Mycobacterium methanotrophicum"
2944128,"Jatrophihabitans cynanchi"
2944250,"Streptomyces sp. M92"
2949637,"Streptomyces sp. Caat 7-52"
2951806,"Lentzea sp. HUAS12"
2952932,"Thiorhodovibrio litoralis"
2954082,"Pseudomonas cucumis"
2962632,"Cellulomonas sp. NTE-D12"
2963431,"Janibacter sp. CX7"
2966192,"Streptomyces sp. Je 1-369"
2967224,"Streptomyces sp. SJL17-4"
2968086,"Aeromicrobium duanguangcaii"
2968968,"Stutzerimonas degradans"
2968969,"Stutzerimonas frequens"
2969247,"Aeromicrobium wangtongii"
2972479,"Arthrobacter sp. CJ23"
2972485,"Sphingomonas endolithica"
2973976,"Pseudarthrobacter sp. NS4"
2975482,"Paenibacillus andongensis"
2975685,"Streptomyces sp. NBC_00224"
2975688,"Streptomyces sp. NBC_00243"
2975689,"Streptomyces sp. NBC_00247"
2975699,"Streptomyces sp. NBC_00280"
2975700,"Streptomyces sp. NBC_00285"
2975701,"Streptomyces sp. NBC_00286"
2975702,"Streptomyces sp. NBC_00287"
2975703,"Streptomyces sp. NBC_00289"
2975705,"Streptomyces sp. NBC_00299"
2975710,"Streptomyces sp. NBC_00316"
2975712,"Streptomyces sp. NBC_00322"
2975714,"Streptomyces sp. NBC_00335"
2975720,"Streptomyces sp. NBC_00344"
2975725,"Streptomyces sp. NBC_00358"
2975728,"Streptomyces sp. NBC_00370"
2975730,"Streptomyces sp. NBC_00376"
2975734,"Streptomyces sp. NBC_00386"
2975735,"Streptomyces sp. NBC_00388"
2975736,"Streptomyces sp. NBC_00390"
2975737,"Streptomyces sp. NBC_00400"
2975739,"Streptomyces sp. NBC_00414"
2975740,"Streptomyces sp. NBC_00425"
2975741,"Streptomyces sp. NBC_00440"
2975743,"Streptomyces sp. NBC_00443"
2975747,"Streptomyces sp. NBC_00454"
2975749,"Streptomyces sp. NBC_00459"
2975752,"Streptomyces sp. NBC_00467"
2975763,"Streptomyces sp. NBC_00513"
2975769,"Streptomyces sp. NBC_00536"
2975776,"Streptomyces sp. NBC_00557"
2975783,"Streptomyces sp. NBC_00582"
2975784,"Streptomyces sp. NBC_00588"
2975801,"Streptomyces sp. NBC_00663"
2975808,"Streptomyces sp. NBC_00690"
2975809,"Streptomyces sp. NBC_00704"
2975842,"Streptomyces sp. NBC_00820"
2975847,"Streptomyces sp. NBC_00841"
2975866,"Streptomyces sp. NBC_01426"
2975870,"Streptomyces sp. NBC_01498"
2975888,"Streptomyces sp. NBC_01591"
2975917,"Streptomyces sp. NBC_01716"
2975918,"Streptomyces sp. NBC_01717"
2975921,"Streptomyces sp. NBC_01723"
2975940,"Streptomyces sp. NBC_01788"
2975946,"Streptomyces sp. NBC_01803"
2975947,"Streptomyces sp. NBC_01808"
2975949,"Streptosporangium sp. NBC_01755"
2975951,"Streptosporangium sp. NBC_01810"
2975955,"Amycolatopsis sp. NBC_00345"
2975960,"Embleya sp. NBC_00888"
2975961,"Embleya sp. NBC_00896"
2975963,"Kitasatospora sp. NBC_00315"
2975964,"Kitasatospora sp. NBC_00374"
2975966,"Kribbella sp. NBC_00359"
2975967,"Kribbella sp. NBC_00382"
2975968,"Kribbella sp. NBC_00482"
2975969,"Kribbella sp. NBC_00662"
2975972,"Kribbella sp. NBC_00709"
2975976,"Micromonospora sp. NBC_00421"
2975984,"Micromonospora sp. NBC_01699"
2975985,"Micromonospora sp. NBC_01739"
2975988,"Micromonospora sp. NBC_01813"
2975989,"Mycobacterium sp. NBC_00419"
2975990,"Nocardia sp. NBC_00403"
2975991,"Nocardia sp. NBC_00416"
2975992,"Nocardia sp. NBC_00508"
2975993,"Nocardia sp. NBC_00565"
2975997,"Nocardia sp. NBC_01503"
2975998,"Nocardia sp. NBC_01730"
2976003,"Nonomuraea sp. NBC_01738"
2976007,"Spirillospora sp. NBC_01491"
2976008,"Streptomyces sp. NBC_00223"
2976011,"Streptomyces sp. NBC_00669"
2976015,"Streptomyces sp. NBC_01477"
2976822,"Bradyrhizobium sp. CB1015"
2978392,"Phyllobacterium sp. A18/5-2"
2978974,"Neorhizobium sp. CSC1952"
2979468,"Streptomyces sp. S465"
2981134,"Streptomyces cynarae"
2981135,"Streptomyces sp. HUAS 14-6"
2981136,"Streptomyces sp. HUAS 15-9"
2982694,"Halomonas sp. LR3S48"
2984338,"Nocardia sputorum"
2986920,"Pararhizobium sp. YC-54"
2986927,"Pseudomonas sp. BT-42-2"
2986949,"Jiella pelagia"
2987751,"Rhodococcus antarcticus"
2991545,"Kitasatospora fiedleri"
2991728,"Mycobacterium sp. Aquia_213"
2991729,"Mycobacterium sp. Aquia_216"
2992441,"Microbacterium sp. J1-1"
2995141,"Agrococcus sp. SL85"
2995145,"Gordonia sp. SL306"
2995223,"Amycolatopsis cynarae"
2996261,"Arthrobacter sp. MMS18-M83"
2996826,"Nocardioides sp. Arc9.136"
2998080,"Kitasatospora sp. YST-16"
3002436,"Kribbella sp. CA-293567"
3002640,"Streptomyces sp. 71268"
3002903,"Pseudomonas sp. BSw22131"
3004092,"Kitasatospora cathayae"
3004093,"Streptomyces camelliae"
3014995,"Micromonospora sp. WMMA1976"
3015149,"Verrucosispora sp. WMMD573"
3015151,"Micromonospora sp. WMMD882"
3015152,"Micromonospora sp. WMMD812"
3015154,"Streptomyces sp. WMMC500"
3015156,"Verrucosispora sp. WMMC514"
3015161,"Solwaraspora sp. WMMA2056"
3015163,"Micromonospora sp. WMMA1947"
3016086,"Solwaraspora sp. WMMD791"
3016089,"Micromonospora sp. WMMD987"
3016090,"Solwaraspora sp. WMMD937"
3016092,"Micromonospora sp. WMMD998"
3016093,"Verrucosispora sp. WMMD1129"
3016103,"Micromonospora sp. WMMD1076"
3016419,"Verrucosispora sp. WMMA2044"
3018446,"Sphingomonas sp. 7/4-4"
3018929,"Pseudarthrobacter sp. MM222"
3019602,"Rhizobium sp. 32-5/1"
3020843,"Pseudomonas sp. Q1-7"
3020899,"Candidatus Nitrospira neomarina"
3023370,"Mycolicibacterium sp. TUM20985"
3024400,"Gimibacter soli"
3026192,"Streptomyces luomodiensis"
3027808,"Candidatus Mycobacterium wuenschmannii"
3028316,"Microbacterium horticulturae"
3028710,"Streptomyces sp. AM 4-1-1"
3028804,"Micromonospora cathayae"
3028808,"Janibacter sp. DB-40"
3029084,"Aminithiophilus ramosus"
3030210,"Streptomyces sp. WZ-12"
3031113,"Sphaerisporangium sp. TRM90804"
3031114,"Spongiactinospora sp. TRM90649"
3031124,"Streptomyces cathayae"
3031131,"Streptomyces sp. VNUA24"
3033811,"Streptomyces sp. Mut1"
3034022,"Amycolatopsis sp. QT-25"
3036374,"Nocardioides sp. BP30"
3038642,"Streptomyces sp. 11x1"
3039153,"Bradyrhizobium sp. CB1650"
3039154,"Bradyrhizobium sp. CB1717"
3039158,"Bradyrhizobium sp. CB3481"
3039801,"Ancylobacter sp. WKF20"
3040509,"Actinoplanes oblitus"
3041175,"Brooklawnia propionicigenes"
3042320,"Mycolicibacterium sp. ND9-15"
3043734,"Streptomyces sp. BPTC-684"
3045147,"Acinetobacter sp. KCTC 92772"
3047871,"Neobacillus sp. DY30"
3047874,"Neobacillus sp. YX16"
3048582,"Cryobacterium sp. 10S3"
3049069,"Microbacterium sp. zg-B96"
3049070,"Microbacterium sp. zg-B185"
3049073,"Microbacterium sp. zg-Y1090"
3051092,"Streptomyces vilmorinianum"
3051832,"Micromonospora sp. FIMYZ51"
3052846,"Amycolatopsis sp. DG1A-15b"
3053466,"Streptomyces sp. HUAS CB01"
3056937,"Mycolicibacterium sp. HK-90"
3057122,"Streptomyces sp. FZ201"
3058419,"Desulfoferula mesophila"
3058426,"Nocardia sp. PE-7"
3061626,"Micromonospora sp. HUAS LYJ1"
3061627,"Micromonospora sp. NBRC 110009"
3061628,"Streptomyces sp. CGMCC 4.7035"
3061629,"Nocardiopsis sp. HUAS JQ3"
3062449,"Streptomyces sp. VNUA116"
3062779,"Streptomyces sp. XD-27"
3064139,"Croceibacterium aestuarii"
3064284,"Mycolicibacterium sp. MU0050"
3064287,"Mycolicibacter sp. MU0083"
3064288,"Mycolicibacter sp. MU0102"
3064529,"Prescottella sp. R16"
3068889,"Geothrix sp. 21YS21S-4"
3068893,"Geothrix sp. 21YS21S-2"
3069689,"Tunturibacter gelidoferens"
3069691,"Tunturibacter empetritectus"
3073271,"Peribacillus sp. R9-11"
3073562,"Mycobacterium sp. Z3061"
3074430,"Streptomyces sp. BB1-1-1"
3075197,"Streptomyces sp. ITFR-6"
3075198,"Streptomyces sp. ITFR-16"
3075199,"Streptomyces sp. ITFR-21"
3075432,"Streptomyces sp. Li-HN-5-11"
3075620,"Demequina capsici"
3075627,"Kitasatospora sp. CM 4170"
3075837,"Gordonia sp. w5E2"
3076039,"Tardiphaga sp. 709"
3077589,"Pseudomonas sp. DTU_2021_1001937_2_SI_NGA_ILE_001"
3079339,"Amycolatopsis sp. FBCC-B4732"
3080014,"Bradyrhizobium sp. NDS-1"
3081204,"Raineyella sp. LH-20"
3081651,"Raineyella sp. W15-4"
3081765,"Streptomyces sp. N50"
3081768,"Streptomyces sp. HUAS YS2"
3088362,"Dyadobacter sp. 676"
3093660,"Deinococcus sp. AB2017081"
3095607,"Methylophilus sp. DW102"
3096006,"Streptomyces sp. CL7"
3108389,"Terrabacter sp. C0L_2"
3108485,"Streptomyces sp. SS7"
3108822,"Lentzea sp. DG1S-22"
3109564,"Limnochorda sp. LNt"
3109565,"Limnochorda sp. L945t"
3111767,"Micromonospora sp. DSM 45708"
3111768,"Micromonospora sp. DSM 102119"
3111921,"Micromonospora sp. CCTCC AA 2012012"
3112165,"Streptomyces sp. SCSIO 75703"
3115209,"Janibacter sp. A1S7"
3118084,"Saccharopolyspora sp. SCSIO 74807"
3118085,"Streptomyces sp. SCSIO 30461"
3118173,"Streptomyces sp. Q6"
3120520,"Georgenia sp. M64"
3121287,"Defluviimonas sp. SAOS-178_SWC"
3125779,"Streptomyces sp. DG1A-41"
3126698,"Knoellia sp. S7-12"
3129111,"Streptomyces sp. TG1A-60"
3132797,"Sphingomonas flavescens"
3133975,"Pararhizobium sp. A13"
3135264,"Microbacterium sp. LWS13-1.2"
3136737,"Pseudomonas purpurea"
3140244,"Bradyrhizobium sp. B097"
3142261,"Micrococcus sp. 2A"
3142976,"Microbacterium sp. AZCO"
3144103,"Plantactinospora sp. ZYX-F-223"
3144104,"Microbispora sp. ZYX-F-249"
3144168,"Rathayibacter sp. SW19"
3144843,"Blastococcus sp. HT6-30"
3144973,"Blastococcus sp. HT6-4"
3145017,"Mycobacterium sp. DL"
3149040,"Microbacterium sp. SY138"
3151850,"Lacrimispora sp. BS-2"
3152363,"Herbiconiux sp. A18JL235"
3153752,"Agrococcus sp. ProA11"
3153754,"Microbacterium sp. ProA8"
3156397,"Kitasatospora sp. HUAS MG31"
3156398,"Streptomyces sp. HUAS MG91"
3156399,"Agromyces sp. G08B096"
3158264,"Nakamurella sp. A5-74"
3160749,"Microbacterium sp. A8/3-1"
3160966,"Kribbella sp. HUAS MG21"
3231270,"Streptomyces sp. Je 1-332"
3231715,"Streptomyces sp. HUAS ZL42"
3231910,"Saccharothrix sp. HUAS TT1"
3233575,"Sulfitobacter sp. LCG007"
3234198,"Nitratireductor sp. GISD-1A_MAKvit"
3238584,"Sinomonas sp. P10A9"
3238625,"Streptomyces sp. R11"
3238627,"Streptomyces sp. R21"
3238628,"Streptomyces sp. R28"
3238629,"Streptomyces sp. R33"
3238631,"Streptomyces sp. R39"
3238632,"Streptomyces sp. R41"
3238633,"Streptomyces sp. R44"
3238634,"Streptomyces sp. Y1"
3238798,"Streptomyces sp. cg36"
3238801,"Amycolatopsis sp. cg9"
3238802,"Amycolatopsis sp. cg5"
3238807,"Amycolatopsis sp. cg13"
3239306,"Pleomorphomonas sp. PLEO"
3239388,"Bradyrhizobium sp. LLZ17"
3239420,"Promicromonospora sp. Populi"
